window_start,site,Ions,Concentration
1988-01-01,BQ1,k_mgl,0.8066666666666666
1988-01-01,BQ1,mg_mgl,2.1926666666666668
1988-01-01,BQ1,ca_mgl,3.42
1988-01-01,BQ1,nh4n_mgl,27.533333333333335
1988-01-01,BQ1,no3n_mgl,155.06666666666666
1988-03-04,BQ1,k_mgl,0.89
1988-03-04,BQ1,mg_mgl,1.976875
1988-03-04,BQ1,ca_mgl,3.084375
1988-03-04,BQ1,nh4n_mgl,22.125
1988-03-04,BQ1,no3n_mgl,207.8125
1988-05-06,BQ1,k_mgl,0.8811111111111111
1988-05-06,BQ1,mg_mgl,2.183
1988-05-06,BQ1,ca_mgl,2.9850000000000003
1988-05-06,BQ1,nh4n_mgl,90.625
1988-05-06,BQ1,no3n_mgl,157.5
1988-07-08,BQ1,k_mgl,0.7607692307692308
1988-07-08,BQ1,mg_mgl,1.9523076923076923
1988-07-08,BQ1,ca_mgl,2.686923076923077
1988-07-08,BQ1,nh4n_mgl,15.5
1988-07-08,BQ1,no3n_mgl,63
1988-09-09,BQ1,k_mgl,0.7925
1988-09-09,BQ1,mg_mgl,2.43875
1988-09-09,BQ1,ca_mgl,3.665
1988-09-09,BQ1,nh4n_mgl,50.25
1988-09-09,BQ1,no3n_mgl,140.55555555555554
1988-11-11,BQ1,k_mgl,0.8444444444444444
1988-11-11,BQ1,mg_mgl,2.3722222222222222
1988-11-11,BQ1,ca_mgl,4.15125
1988-11-11,BQ1,nh4n_mgl,NA
1988-11-11,BQ1,no3n_mgl,153.625
1989-01-13,BQ1,k_mgl,0.9088888888888889
1989-01-13,BQ1,mg_mgl,2.783333333333333
1989-01-13,BQ1,ca_mgl,4.293333333333333
1989-01-13,BQ1,nh4n_mgl,NA
1989-01-13,BQ1,no3n_mgl,130.11111111111111
1989-03-17,BQ1,k_mgl,0.8544444444444445
1989-03-17,BQ1,mg_mgl,2.738888888888889
1989-03-17,BQ1,ca_mgl,4.444444444444445
1989-03-17,BQ1,nh4n_mgl,NA
1989-03-17,BQ1,no3n_mgl,141.88888888888889
1989-05-19,BQ1,k_mgl,0.9477777777777777
1989-05-19,BQ1,mg_mgl,2.901111111111111
1989-05-19,BQ1,ca_mgl,4.5344444444444445
1989-05-19,BQ1,nh4n_mgl,NA
1989-05-19,BQ1,no3n_mgl,123
1989-07-21,BQ1,k_mgl,0.9275
1989-07-21,BQ1,mg_mgl,2.6675
1989-07-21,BQ1,ca_mgl,4.0625
1989-07-21,BQ1,nh4n_mgl,NA
1989-07-21,BQ1,no3n_mgl,99.57142857142857
1989-09-22,BQ1,k_mgl,1.2953846153846154
1989-09-22,BQ1,mg_mgl,2.970833333333333
1989-09-22,BQ1,ca_mgl,4.2
1989-09-22,BQ1,nh4n_mgl,NA
1989-09-22,BQ1,no3n_mgl,365
1989-11-24,BQ1,k_mgl,1.1466666666666667
1989-11-24,BQ1,mg_mgl,3.2266666666666666
1989-11-24,BQ1,ca_mgl,5.8566666666666665
1989-11-24,BQ1,nh4n_mgl,NA
1989-11-24,BQ1,no3n_mgl,99
1990-01-26,BQ1,k_mgl,1.2344444444444445
1990-01-26,BQ1,mg_mgl,3.1666666666666665
1990-01-26,BQ1,ca_mgl,5.546666666666667
1990-01-26,BQ1,nh4n_mgl,NA
1990-01-26,BQ1,no3n_mgl,211.375
1990-03-30,BQ1,k_mgl,1.3628571428571428
1990-03-30,BQ1,mg_mgl,2.5492857142857144
1990-03-30,BQ1,ca_mgl,4.312857142857143
1990-03-30,BQ1,nh4n_mgl,NA
1990-03-30,BQ1,no3n_mgl,450.30769230769226
1990-06-01,BQ1,k_mgl,1.1555555555555554
1990-06-01,BQ1,mg_mgl,3.2333333333333334
1990-06-01,BQ1,ca_mgl,5.4944444444444445
1990-06-01,BQ1,nh4n_mgl,NA
1990-06-01,BQ1,no3n_mgl,143.77777777777777
1990-08-03,BQ1,k_mgl,0.8844444444444445
1990-08-03,BQ1,mg_mgl,3.2688888888888887
1990-08-03,BQ1,ca_mgl,5.841111111111111
1990-08-03,BQ1,nh4n_mgl,NA
1990-08-03,BQ1,no3n_mgl,80.83333333333334
1990-10-05,BQ1,k_mgl,1.007
1990-10-05,BQ1,mg_mgl,2.832
1990-10-05,BQ1,ca_mgl,4.603
1990-10-05,BQ1,nh4n_mgl,NA
1990-10-05,BQ1,no3n_mgl,108.5
1990-12-07,BQ1,k_mgl,0.983
1990-12-07,BQ1,mg_mgl,2.988
1990-12-07,BQ1,ca_mgl,5.297
1990-12-07,BQ1,nh4n_mgl,NA
1990-12-07,BQ1,no3n_mgl,155.375
1991-02-08,BQ1,k_mgl,0.8122222222222223
1991-02-08,BQ1,mg_mgl,3.16
1991-02-08,BQ1,ca_mgl,5.701111111111111
1991-02-08,BQ1,nh4n_mgl,NA
1991-02-08,BQ1,no3n_mgl,70.66666666666667
1991-04-12,BQ1,k_mgl,0.923
1991-04-12,BQ1,mg_mgl,2.9539999999999997
1991-04-12,BQ1,ca_mgl,5.176
1991-04-12,BQ1,nh4n_mgl,NA
1991-04-12,BQ1,no3n_mgl,43.77777777777778
1991-06-14,BQ1,k_mgl,0.7644444444444445
1991-06-14,BQ1,mg_mgl,3.3777777777777778
1991-06-14,BQ1,ca_mgl,5.622222222222223
1991-06-14,BQ1,nh4n_mgl,NA
1991-06-14,BQ1,no3n_mgl,32.42857142857143
1991-08-16,BQ1,k_mgl,1.165
1991-08-16,BQ1,mg_mgl,3.614
1991-08-16,BQ1,ca_mgl,5.84
1991-08-16,BQ1,nh4n_mgl,NA
1991-08-16,BQ1,no3n_mgl,63.5
1991-10-18,BQ1,k_mgl,1.1483333333333334
1991-10-18,BQ1,mg_mgl,2.685833333333333
1991-10-18,BQ1,ca_mgl,4.1425
1991-10-18,BQ1,nh4n_mgl,NA
1991-10-18,BQ1,no3n_mgl,118.16666666666666
1991-12-20,BQ1,k_mgl,1.221
1991-12-20,BQ1,mg_mgl,3.004
1991-12-20,BQ1,ca_mgl,5.06
1991-12-20,BQ1,nh4n_mgl,NA
1991-12-20,BQ1,no3n_mgl,184.55555555555554
1992-02-21,BQ1,k_mgl,1.1111111111111112
1992-02-21,BQ1,mg_mgl,3.578888888888889
1992-02-21,BQ1,ca_mgl,6.308888888888889
1992-02-21,BQ1,nh4n_mgl,NA
1992-02-21,BQ1,no3n_mgl,79.75
1992-04-24,BQ1,k_mgl,1.031111111111111
1992-04-24,BQ1,mg_mgl,2.59
1992-04-24,BQ1,ca_mgl,4.303333333333334
1992-04-24,BQ1,nh4n_mgl,NA
1992-04-24,BQ1,no3n_mgl,57.125
1992-06-26,BQ1,k_mgl,1.1466666666666667
1992-06-26,BQ1,mg_mgl,3.2455555555555557
1992-06-26,BQ1,ca_mgl,5.6066666666666665
1992-06-26,BQ1,nh4n_mgl,NA
1992-06-26,BQ1,no3n_mgl,140.625
1992-08-28,BQ1,k_mgl,1.0655555555555556
1992-08-28,BQ1,mg_mgl,3.517777777777778
1992-08-28,BQ1,ca_mgl,6.2
1992-08-28,BQ1,nh4n_mgl,NA
1992-08-28,BQ1,no3n_mgl,67.71428571428571
1992-10-30,BQ1,k_mgl,0.9622222222222222
1992-10-30,BQ1,mg_mgl,2.4955555555555557
1992-10-30,BQ1,ca_mgl,4.543333333333333
1992-10-30,BQ1,nh4n_mgl,NA
1992-10-30,BQ1,no3n_mgl,33
1993-01-01,BQ1,k_mgl,1.1344444444444444
1993-01-01,BQ1,mg_mgl,3.181111111111111
1993-01-01,BQ1,ca_mgl,4.975555555555555
1993-01-01,BQ1,nh4n_mgl,NA
1993-01-01,BQ1,no3n_mgl,20
1993-03-05,BQ1,k_mgl,1.1744444444444444
1993-03-05,BQ1,mg_mgl,3.671111111111111
1993-03-05,BQ1,ca_mgl,5.795555555555556
1993-03-05,BQ1,nh4n_mgl,NA
1993-03-05,BQ1,no3n_mgl,137.11111111111111
1993-05-07,BQ1,k_mgl,1.1577777777777778
1993-05-07,BQ1,mg_mgl,3.2222222222222223
1993-05-07,BQ1,ca_mgl,5.611111111111111
1993-05-07,BQ1,nh4n_mgl,NA
1993-05-07,BQ1,no3n_mgl,28.333333333333332
1993-07-09,BQ1,k_mgl,1.0033333333333334
1993-07-09,BQ1,mg_mgl,3.013333333333333
1993-07-09,BQ1,ca_mgl,5.467777777777778
1993-07-09,BQ1,nh4n_mgl,NA
1993-07-09,BQ1,no3n_mgl,44.6
1993-09-10,BQ1,k_mgl,1.1211111111111112
1993-09-10,BQ1,mg_mgl,3.3266666666666667
1993-09-10,BQ1,ca_mgl,5.921111111111111
1993-09-10,BQ1,nh4n_mgl,NA
1993-09-10,BQ1,no3n_mgl,28.333333333333332
1993-11-12,BQ1,k_mgl,1.18
1993-11-12,BQ1,mg_mgl,3.1688888888888886
1993-11-12,BQ1,ca_mgl,5.688888888888889
1993-11-12,BQ1,nh4n_mgl,NA
1993-11-12,BQ1,no3n_mgl,22.166666666666668
1994-01-14,BQ1,k_mgl,1.0055555555555555
1994-01-14,BQ1,mg_mgl,2.951111111111111
1994-01-14,BQ1,ca_mgl,5.302222222222222
1994-01-14,BQ1,nh4n_mgl,NA
1994-01-14,BQ1,no3n_mgl,13.5
1994-03-18,BQ1,k_mgl,1.051111111111111
1994-03-18,BQ1,mg_mgl,3.347777777777778
1994-03-18,BQ1,ca_mgl,6.14
1994-03-18,BQ1,nh4n_mgl,NA
1994-03-18,BQ1,no3n_mgl,65.66666666666667
1994-05-20,BQ1,k_mgl,1.21
1994-05-20,BQ1,mg_mgl,3.85
1994-05-20,BQ1,ca_mgl,6.785
1994-05-20,BQ1,nh4n_mgl,NA
1994-05-20,BQ1,no3n_mgl,51.22222222222222
1994-07-22,BQ1,k_mgl,1.2377777777777779
1994-07-22,BQ1,mg_mgl,3.398888888888889
1994-07-22,BQ1,ca_mgl,6.015555555555555
1994-07-22,BQ1,nh4n_mgl,NA
1994-07-22,BQ1,no3n_mgl,NA
1994-09-23,BQ1,k_mgl,1.12
1994-09-23,BQ1,mg_mgl,3.183333333333333
1994-09-23,BQ1,ca_mgl,5.921111111111111
1994-09-23,BQ1,nh4n_mgl,NA
1994-09-23,BQ1,no3n_mgl,NA
1994-11-25,BQ1,k_mgl,1.008
1994-11-25,BQ1,mg_mgl,3.036
1994-11-25,BQ1,ca_mgl,5.688
1994-11-25,BQ1,nh4n_mgl,NA
1994-11-25,BQ1,no3n_mgl,109
1988-01-01,BQ2,k_mgl,0.8672222222222222
1988-01-01,BQ2,mg_mgl,2.11
1988-01-01,BQ2,ca_mgl,4.415555555555556
1988-01-01,BQ2,nh4n_mgl,18.5
1988-01-01,BQ2,no3n_mgl,239.1875
1988-03-04,BQ2,k_mgl,0.7833333333333333
1988-03-04,BQ2,mg_mgl,2.316666666666667
1988-03-04,BQ2,ca_mgl,4.243333333333333
1988-03-04,BQ2,nh4n_mgl,27.142857142857142
1988-03-04,BQ2,no3n_mgl,192.33333333333334
1988-05-06,BQ2,k_mgl,0.7969999999999999
1988-05-06,BQ2,mg_mgl,2.1189999999999998
1988-05-06,BQ2,ca_mgl,3.587
1988-05-06,BQ2,nh4n_mgl,74.42857142857143
1988-05-06,BQ2,no3n_mgl,239.33333333333334
1988-07-08,BQ2,k_mgl,0.7846666666666666
1988-07-08,BQ2,mg_mgl,2.0286666666666666
1988-07-08,BQ2,ca_mgl,3.446
1988-07-08,BQ2,nh4n_mgl,14
1988-07-08,BQ2,no3n_mgl,178.33333333333334
1988-09-09,BQ2,k_mgl,0.77
1988-09-09,BQ2,mg_mgl,2.37
1988-09-09,BQ2,ca_mgl,4.55
1988-09-09,BQ2,nh4n_mgl,47
1988-09-09,BQ2,no3n_mgl,205
1988-11-11,BQ2,k_mgl,0.8722222222222222
1988-11-11,BQ2,mg_mgl,2.3633333333333333
1988-11-11,BQ2,ca_mgl,4.161111111111111
1988-11-11,BQ2,nh4n_mgl,NA
1988-11-11,BQ2,no3n_mgl,220.66666666666666
1989-01-13,BQ2,k_mgl,0.9011111111111111
1989-01-13,BQ2,mg_mgl,2.52
1989-01-13,BQ2,ca_mgl,4.592222222222222
1989-01-13,BQ2,nh4n_mgl,NA
1989-01-13,BQ2,no3n_mgl,232.8
1989-03-17,BQ2,k_mgl,0.8766666666666667
1989-03-17,BQ2,mg_mgl,2.8766666666666665
1989-03-17,BQ2,ca_mgl,4.467777777777778
1989-03-17,BQ2,nh4n_mgl,NA
1989-03-17,BQ2,no3n_mgl,190.55555555555554
1989-05-19,BQ2,k_mgl,0.9522222222222222
1989-05-19,BQ2,mg_mgl,2.5166666666666666
1989-05-19,BQ2,ca_mgl,4.615555555555556
1989-05-19,BQ2,nh4n_mgl,NA
1989-05-19,BQ2,no3n_mgl,166.66666666666666
1989-07-21,BQ2,k_mgl,0.995
1989-07-21,BQ2,mg_mgl,2.545
1989-07-21,BQ2,ca_mgl,4.9075
1989-07-21,BQ2,nh4n_mgl,NA
1989-07-21,BQ2,no3n_mgl,143.25
1989-09-22,BQ2,k_mgl,1.4284615384615384
1989-09-22,BQ2,mg_mgl,2.9316666666666666
1989-09-22,BQ2,ca_mgl,5.4175
1989-09-22,BQ2,nh4n_mgl,NA
1989-09-22,BQ2,no3n_mgl,419.1111111111111
1989-11-24,BQ2,k_mgl,1.2066666666666666
1989-11-24,BQ2,mg_mgl,3.1233333333333335
1989-11-24,BQ2,ca_mgl,6.613333333333333
1989-11-24,BQ2,nh4n_mgl,NA
1989-11-24,BQ2,no3n_mgl,239.25
1990-01-26,BQ2,k_mgl,1.3388888888888888
1990-01-26,BQ2,mg_mgl,3.0522222222222224
1990-01-26,BQ2,ca_mgl,6.53
1990-01-26,BQ2,nh4n_mgl,NA
1990-01-26,BQ2,no3n_mgl,188
1990-03-30,BQ2,k_mgl,1.3635714285714287
1990-03-30,BQ2,mg_mgl,2.4907142857142857
1990-03-30,BQ2,ca_mgl,5.1971428571428575
1990-03-30,BQ2,nh4n_mgl,NA
1990-03-30,BQ2,no3n_mgl,466.7692307692308
1990-06-01,BQ2,k_mgl,1.1311111111111112
1990-06-01,BQ2,mg_mgl,3.2088888888888887
1990-06-01,BQ2,ca_mgl,6.776666666666666
1990-06-01,BQ2,nh4n_mgl,NA
1990-06-01,BQ2,no3n_mgl,232.77777777777777
1990-08-03,BQ2,k_mgl,0.9255555555555556
1990-08-03,BQ2,mg_mgl,3.2244444444444444
1990-08-03,BQ2,ca_mgl,7.187777777777778
1990-08-03,BQ2,nh4n_mgl,NA
1990-08-03,BQ2,no3n_mgl,121.11111111111113
1990-10-05,BQ2,k_mgl,0.901
1990-10-05,BQ2,mg_mgl,2.712
1990-10-05,BQ2,ca_mgl,5.773
1990-10-05,BQ2,nh4n_mgl,NA
1990-10-05,BQ2,no3n_mgl,164.7
1990-12-07,BQ2,k_mgl,0.998
1990-12-07,BQ2,mg_mgl,3.08
1990-12-07,BQ2,ca_mgl,6.782
1990-12-07,BQ2,nh4n_mgl,NA
1990-12-07,BQ2,no3n_mgl,182.11111111111111
1991-02-08,BQ2,k_mgl,0.8255555555555556
1991-02-08,BQ2,mg_mgl,2.953333333333333
1991-02-08,BQ2,ca_mgl,6.815555555555555
1991-02-08,BQ2,nh4n_mgl,NA
1991-02-08,BQ2,no3n_mgl,151.75
1991-04-12,BQ2,k_mgl,1.0090000000000001
1991-04-12,BQ2,mg_mgl,2.834
1991-04-12,BQ2,ca_mgl,4.025
1991-04-12,BQ2,nh4n_mgl,NA
1991-04-12,BQ2,no3n_mgl,35
1991-06-14,BQ2,k_mgl,0.9955555555555555
1991-06-14,BQ2,mg_mgl,3.201111111111111
1991-06-14,BQ2,ca_mgl,5.316666666666666
1991-06-14,BQ2,nh4n_mgl,NA
1991-06-14,BQ2,no3n_mgl,81
1991-08-16,BQ2,k_mgl,1.42
1991-08-16,BQ2,mg_mgl,2.9859999999999998
1991-08-16,BQ2,ca_mgl,6.027
1991-08-16,BQ2,nh4n_mgl,NA
1991-08-16,BQ2,no3n_mgl,88.2
1991-10-18,BQ2,k_mgl,1.2725
1991-10-18,BQ2,mg_mgl,2.6675
1991-10-18,BQ2,ca_mgl,4.571666666666666
1991-10-18,BQ2,nh4n_mgl,NA
1991-10-18,BQ2,no3n_mgl,221.08333333333331
1991-12-20,BQ2,k_mgl,1.301
1991-12-20,BQ2,mg_mgl,2.956
1991-12-20,BQ2,ca_mgl,5.949
1991-12-20,BQ2,nh4n_mgl,NA
1991-12-20,BQ2,no3n_mgl,284.9
1992-02-21,BQ2,k_mgl,1.1222222222222222
1992-02-21,BQ2,mg_mgl,3.121111111111111
1992-02-21,BQ2,ca_mgl,5.852222222222222
1992-02-21,BQ2,nh4n_mgl,NA
1992-02-21,BQ2,no3n_mgl,88.125
1992-04-24,BQ2,k_mgl,1.2466666666666666
1992-04-24,BQ2,mg_mgl,2.482222222222222
1992-04-24,BQ2,ca_mgl,5.24
1992-04-24,BQ2,nh4n_mgl,NA
1992-04-24,BQ2,no3n_mgl,124.875
1992-06-26,BQ2,k_mgl,1.23
1992-06-26,BQ2,mg_mgl,3.26
1992-06-26,BQ2,ca_mgl,6.88
1992-06-26,BQ2,nh4n_mgl,NA
1992-06-26,BQ2,no3n_mgl,108.22222222222223
1992-08-28,BQ2,k_mgl,1.2677777777777777
1992-08-28,BQ2,mg_mgl,3.1655555555555557
1992-08-28,BQ2,ca_mgl,6.641111111111111
1992-08-28,BQ2,nh4n_mgl,NA
1992-08-28,BQ2,no3n_mgl,49.125
1992-10-30,BQ2,k_mgl,1.2144444444444444
1992-10-30,BQ2,mg_mgl,2.6044444444444443
1992-10-30,BQ2,ca_mgl,5.694444444444445
1992-10-30,BQ2,nh4n_mgl,NA
1992-10-30,BQ2,no3n_mgl,66.28571428571429
1993-01-01,BQ2,k_mgl,1.27
1993-01-01,BQ2,mg_mgl,3.181111111111111
1993-01-01,BQ2,ca_mgl,6.49
1993-01-01,BQ2,nh4n_mgl,NA
1993-01-01,BQ2,no3n_mgl,135
1993-03-05,BQ2,k_mgl,1.3044444444444445
1993-03-05,BQ2,mg_mgl,3.243333333333333
1993-03-05,BQ2,ca_mgl,6.347777777777778
1993-03-05,BQ2,nh4n_mgl,NA
1993-03-05,BQ2,no3n_mgl,144
1993-05-07,BQ2,k_mgl,1.468888888888889
1993-05-07,BQ2,mg_mgl,2.9611111111111112
1993-05-07,BQ2,ca_mgl,6.171111111111111
1993-05-07,BQ2,nh4n_mgl,NA
1993-05-07,BQ2,no3n_mgl,72.75
1993-07-09,BQ2,k_mgl,1.4122222222222223
1993-07-09,BQ2,mg_mgl,3.1777777777777776
1993-07-09,BQ2,ca_mgl,7.205555555555556
1993-07-09,BQ2,nh4n_mgl,NA
1993-07-09,BQ2,no3n_mgl,23.5
1993-09-10,BQ2,k_mgl,1.33
1993-09-10,BQ2,mg_mgl,2.8533333333333335
1993-09-10,BQ2,ca_mgl,6.414444444444444
1993-09-10,BQ2,nh4n_mgl,NA
1993-09-10,BQ2,no3n_mgl,55.33333333333333
1993-11-12,BQ2,k_mgl,1.4
1993-11-12,BQ2,mg_mgl,2.6155555555555554
1993-11-12,BQ2,ca_mgl,6.371111111111111
1993-11-12,BQ2,nh4n_mgl,NA
1993-11-12,BQ2,no3n_mgl,56.66666666666667
1994-01-14,BQ2,k_mgl,1.3533333333333333
1994-01-14,BQ2,mg_mgl,2.828888888888889
1994-01-14,BQ2,ca_mgl,5.916666666666667
1994-01-14,BQ2,nh4n_mgl,NA
1994-01-14,BQ2,no3n_mgl,12.333333333333334
1994-03-18,BQ2,k_mgl,1.2733333333333334
1994-03-18,BQ2,mg_mgl,3.0566666666666666
1994-03-18,BQ2,ca_mgl,6.77
1994-03-18,BQ2,nh4n_mgl,NA
1994-03-18,BQ2,no3n_mgl,30.166666666666664
1994-05-20,BQ2,k_mgl,1.46125
1994-05-20,BQ2,mg_mgl,3.11875
1994-05-20,BQ2,ca_mgl,6.51
1994-05-20,BQ2,nh4n_mgl,NA
1994-05-20,BQ2,no3n_mgl,87.625
1994-07-22,BQ2,k_mgl,0.9500000000000001
1994-07-22,BQ2,mg_mgl,1.9333333333333331
1994-07-22,BQ2,ca_mgl,3.913333333333333
1994-07-22,BQ2,nh4n_mgl,NA
1994-07-22,BQ2,no3n_mgl,NA
1994-09-23,BQ2,k_mgl,1.2125
1994-09-23,BQ2,mg_mgl,2.125
1994-09-23,BQ2,ca_mgl,4.5125
1994-09-23,BQ2,nh4n_mgl,NA
1994-09-23,BQ2,no3n_mgl,NA
1994-11-25,BQ2,k_mgl,1.292
1994-11-25,BQ2,mg_mgl,2.744
1994-11-25,BQ2,ca_mgl,5.898
1994-11-25,BQ2,nh4n_mgl,NA
1994-11-25,BQ2,no3n_mgl,NA
1988-01-01,BQ3,k_mgl,0.728
1988-01-01,BQ3,mg_mgl,2.556
1988-01-01,BQ3,ca_mgl,3.3953333333333333
1988-01-01,BQ3,nh4n_mgl,33.1764705882353
1988-01-01,BQ3,no3n_mgl,165.4375
1988-03-04,BQ3,k_mgl,0.5555555555555556
1988-03-04,BQ3,mg_mgl,2.6144444444444446
1988-03-04,BQ3,ca_mgl,3.4766666666666666
1988-03-04,BQ3,nh4n_mgl,26.333333333333332
1988-03-04,BQ3,no3n_mgl,205.22222222222223
1988-05-06,BQ3,k_mgl,0.688
1988-05-06,BQ3,mg_mgl,2.339
1988-05-06,BQ3,ca_mgl,2.613
1988-05-06,BQ3,nh4n_mgl,59.57142857142857
1988-05-06,BQ3,no3n_mgl,196
1988-07-08,BQ3,k_mgl,0.6328571428571429
1988-07-08,BQ3,mg_mgl,2.2592857142857143
1988-07-08,BQ3,ca_mgl,2.710714285714286
1988-07-08,BQ3,nh4n_mgl,28.6
1988-07-08,BQ3,no3n_mgl,134.66666666666666
1988-09-09,BQ3,k_mgl,0.6275
1988-09-09,BQ3,mg_mgl,2.48875
1988-09-09,BQ3,ca_mgl,3.33125
1988-09-09,BQ3,nh4n_mgl,41.75
1988-09-09,BQ3,no3n_mgl,168.25
1988-11-11,BQ3,k_mgl,0.7366666666666667
1988-11-11,BQ3,mg_mgl,2.66
1988-11-11,BQ3,ca_mgl,3.815
1988-11-11,BQ3,nh4n_mgl,NA
1988-11-11,BQ3,no3n_mgl,191.33333333333334
1989-01-13,BQ3,k_mgl,0.7688888888888888
1989-01-13,BQ3,mg_mgl,2.8033333333333332
1989-01-13,BQ3,ca_mgl,3.801111111111111
1989-01-13,BQ3,nh4n_mgl,NA
1989-01-13,BQ3,no3n_mgl,163.66666666666666
1989-03-17,BQ3,k_mgl,0.7344444444444445
1989-03-17,BQ3,mg_mgl,2.7355555555555555
1989-03-17,BQ3,ca_mgl,3.9033333333333333
1989-03-17,BQ3,nh4n_mgl,NA
1989-03-17,BQ3,no3n_mgl,164.66666666666666
1989-05-19,BQ3,k_mgl,0.7511111111111111
1989-05-19,BQ3,mg_mgl,2.8066666666666666
1989-05-19,BQ3,ca_mgl,3.7533333333333334
1989-05-19,BQ3,nh4n_mgl,NA
1989-05-19,BQ3,no3n_mgl,92.22222222222223
1989-07-21,BQ3,k_mgl,0.8
1989-07-21,BQ3,mg_mgl,2.41
1989-07-21,BQ3,ca_mgl,3.65125
1989-07-21,BQ3,nh4n_mgl,NA
1989-07-21,BQ3,no3n_mgl,155.875
1989-09-22,BQ3,k_mgl,1.426153846153846
1989-09-22,BQ3,mg_mgl,3.2675
1989-09-22,BQ3,ca_mgl,3.5933333333333333
1989-09-22,BQ3,nh4n_mgl,NA
1989-09-22,BQ3,no3n_mgl,444.625
1989-11-24,BQ3,k_mgl,1.268888888888889
1989-11-24,BQ3,mg_mgl,3.5666666666666664
1989-11-24,BQ3,ca_mgl,5.1433333333333335
1989-11-24,BQ3,nh4n_mgl,NA
1989-11-24,BQ3,no3n_mgl,218.625
1990-01-26,BQ3,k_mgl,1.4522222222222223
1990-01-26,BQ3,mg_mgl,3.3755555555555556
1990-01-26,BQ3,ca_mgl,4.81
1990-01-26,BQ3,nh4n_mgl,NA
1990-01-26,BQ3,no3n_mgl,381.77777777777777
1990-03-30,BQ3,k_mgl,1.3478571428571429
1990-03-30,BQ3,mg_mgl,2.6742857142857144
1990-03-30,BQ3,ca_mgl,3.6885714285714286
1990-03-30,BQ3,nh4n_mgl,NA
1990-03-30,BQ3,no3n_mgl,352.3076923076923
1990-06-01,BQ3,k_mgl,1.1855555555555555
1990-06-01,BQ3,mg_mgl,3.3677777777777775
1990-06-01,BQ3,ca_mgl,4.614444444444445
1990-06-01,BQ3,nh4n_mgl,NA
1990-06-01,BQ3,no3n_mgl,224.25
1990-08-03,BQ3,k_mgl,0.9944444444444445
1990-08-03,BQ3,mg_mgl,3.4522222222222223
1990-08-03,BQ3,ca_mgl,5.593333333333334
1990-08-03,BQ3,nh4n_mgl,NA
1990-08-03,BQ3,no3n_mgl,151.77777777777777
1990-10-05,BQ3,k_mgl,0.9339999999999999
1990-10-05,BQ3,mg_mgl,2.934
1990-10-05,BQ3,ca_mgl,5.102
1990-10-05,BQ3,nh4n_mgl,NA
1990-10-05,BQ3,no3n_mgl,155.11111111111111
1990-12-07,BQ3,k_mgl,0.9460000000000001
1990-12-07,BQ3,mg_mgl,3.08
1990-12-07,BQ3,ca_mgl,4.6770000000000005
1990-12-07,BQ3,nh4n_mgl,NA
1990-12-07,BQ3,no3n_mgl,170.625
1991-02-08,BQ3,k_mgl,0.7733333333333333
1991-02-08,BQ3,mg_mgl,3.8455555555555554
1991-02-08,BQ3,ca_mgl,4.828888888888889
1991-02-08,BQ3,nh4n_mgl,NA
1991-02-08,BQ3,no3n_mgl,160.22222222222223
1991-04-12,BQ3,k_mgl,0.897
1991-04-12,BQ3,mg_mgl,3.23
1991-04-12,BQ3,ca_mgl,4.237
1991-04-12,BQ3,nh4n_mgl,NA
1991-04-12,BQ3,no3n_mgl,51.75
1991-06-14,BQ3,k_mgl,0.8588888888888889
1991-06-14,BQ3,mg_mgl,3.535555555555556
1991-06-14,BQ3,ca_mgl,4.447777777777778
1991-06-14,BQ3,nh4n_mgl,NA
1991-06-14,BQ3,no3n_mgl,118.625
1991-08-16,BQ3,k_mgl,1.05
1991-08-16,BQ3,mg_mgl,3.249
1991-08-16,BQ3,ca_mgl,4.675
1991-08-16,BQ3,nh4n_mgl,NA
1991-08-16,BQ3,no3n_mgl,114.8
1991-10-18,BQ3,k_mgl,0.8883333333333333
1991-10-18,BQ3,mg_mgl,2.788333333333333
1991-10-18,BQ3,ca_mgl,3.7416666666666667
1991-10-18,BQ3,nh4n_mgl,NA
1991-10-18,BQ3,no3n_mgl,161.16666666666666
1991-12-20,BQ3,k_mgl,1.0050000000000001
1991-12-20,BQ3,mg_mgl,3.129
1991-12-20,BQ3,ca_mgl,4.877
1991-12-20,BQ3,nh4n_mgl,NA
1991-12-20,BQ3,no3n_mgl,185.3
1992-02-21,BQ3,k_mgl,1.12
1992-02-21,BQ3,mg_mgl,3.3511111111111114
1992-02-21,BQ3,ca_mgl,6.21
1992-02-21,BQ3,nh4n_mgl,NA
1992-02-21,BQ3,no3n_mgl,127.375
1992-04-24,BQ3,k_mgl,0.9355555555555556
1992-04-24,BQ3,mg_mgl,2.73
1992-04-24,BQ3,ca_mgl,4.054444444444444
1992-04-24,BQ3,nh4n_mgl,NA
1992-04-24,BQ3,no3n_mgl,115
1992-06-26,BQ3,k_mgl,1.1411111111111112
1992-06-26,BQ3,mg_mgl,3.263333333333333
1992-06-26,BQ3,ca_mgl,4.682222222222222
1992-06-26,BQ3,nh4n_mgl,NA
1992-06-26,BQ3,no3n_mgl,44.888888888888886
1992-08-28,BQ3,k_mgl,0.8933333333333333
1992-08-28,BQ3,mg_mgl,3.2177777777777776
1992-08-28,BQ3,ca_mgl,4.835555555555556
1992-08-28,BQ3,nh4n_mgl,NA
1992-08-28,BQ3,no3n_mgl,56.33333333333333
1992-10-30,BQ3,k_mgl,1.0977777777777777
1992-10-30,BQ3,mg_mgl,3.2466666666666666
1992-10-30,BQ3,ca_mgl,4.528888888888889
1992-10-30,BQ3,nh4n_mgl,NA
1992-10-30,BQ3,no3n_mgl,40.28571428571429
1993-01-01,BQ3,k_mgl,0.8122222222222223
1993-01-01,BQ3,mg_mgl,3.0211111111111113
1993-01-01,BQ3,ca_mgl,4.0377777777777775
1993-01-01,BQ3,nh4n_mgl,NA
1993-01-01,BQ3,no3n_mgl,207
1993-03-05,BQ3,k_mgl,0.8122222222222222
1993-03-05,BQ3,mg_mgl,3.571111111111111
1993-03-05,BQ3,ca_mgl,4.424444444444444
1993-03-05,BQ3,nh4n_mgl,NA
1993-03-05,BQ3,no3n_mgl,129.125
1993-05-07,BQ3,k_mgl,0.855
1993-05-07,BQ3,mg_mgl,3.0637499999999998
1993-05-07,BQ3,ca_mgl,4.31625
1993-05-07,BQ3,nh4n_mgl,NA
1993-05-07,BQ3,no3n_mgl,59
1993-07-09,BQ3,k_mgl,0.8355555555555556
1993-07-09,BQ3,mg_mgl,2.95
1993-07-09,BQ3,ca_mgl,4.687777777777778
1993-07-09,BQ3,nh4n_mgl,NA
1993-07-09,BQ3,no3n_mgl,102.83333333333334
1993-09-10,BQ3,k_mgl,0.8044444444444444
1993-09-10,BQ3,mg_mgl,3.0775
1993-09-10,BQ3,ca_mgl,4.526666666666666
1993-09-10,BQ3,nh4n_mgl,NA
1993-09-10,BQ3,no3n_mgl,43.66666666666667
1993-11-12,BQ3,k_mgl,0.8833333333333333
1993-11-12,BQ3,mg_mgl,2.7577777777777777
1993-11-12,BQ3,ca_mgl,4.225555555555555
1993-11-12,BQ3,nh4n_mgl,NA
1993-11-12,BQ3,no3n_mgl,32.333333333333336
1994-01-14,BQ3,k_mgl,0.8377777777777777
1994-01-14,BQ3,mg_mgl,2.973333333333333
1994-01-14,BQ3,ca_mgl,4.366666666666666
1994-01-14,BQ3,nh4n_mgl,NA
1994-01-14,BQ3,no3n_mgl,11
1994-03-18,BQ3,k_mgl,0.8622222222222222
1994-03-18,BQ3,mg_mgl,3.3666666666666667
1994-03-18,BQ3,ca_mgl,5.066666666666666
1994-03-18,BQ3,nh4n_mgl,NA
1994-03-18,BQ3,no3n_mgl,49
1994-05-20,BQ3,k_mgl,0.907
1994-05-20,BQ3,mg_mgl,3.657
1994-05-20,BQ3,ca_mgl,5.294
1994-05-20,BQ3,nh4n_mgl,NA
1994-05-20,BQ3,no3n_mgl,52.111111111111114
1994-07-22,BQ3,k_mgl,0.8433333333333334
1994-07-22,BQ3,mg_mgl,3.522222222222222
1994-07-22,BQ3,ca_mgl,4.98
1994-07-22,BQ3,nh4n_mgl,NA
1994-07-22,BQ3,no3n_mgl,NA
1994-09-23,BQ3,k_mgl,0.8644444444444445
1994-09-23,BQ3,mg_mgl,3.1544444444444446
1994-09-23,BQ3,ca_mgl,4.561111111111111
1994-09-23,BQ3,nh4n_mgl,NA
1994-09-23,BQ3,no3n_mgl,NA
1994-11-25,BQ3,k_mgl,0.85
1994-11-25,BQ3,mg_mgl,3.198
1994-11-25,BQ3,ca_mgl,4.586
1994-11-25,BQ3,nh4n_mgl,NA
1994-11-25,BQ3,no3n_mgl,NA
1988-01-01,PRM,k_mgl,NA
1988-01-01,PRM,mg_mgl,NA
1988-01-01,PRM,ca_mgl,NA
1988-01-01,PRM,nh4n_mgl,NA
1988-01-01,PRM,no3n_mgl,NA
1988-03-04,PRM,k_mgl,NA
1988-03-04,PRM,mg_mgl,NA
1988-03-04,PRM,ca_mgl,NA
1988-03-04,PRM,nh4n_mgl,NA
1988-03-04,PRM,no3n_mgl,NA
1988-05-06,PRM,k_mgl,NA
1988-05-06,PRM,mg_mgl,NA
1988-05-06,PRM,ca_mgl,NA
1988-05-06,PRM,nh4n_mgl,NA
1988-05-06,PRM,no3n_mgl,NA
1988-07-08,PRM,k_mgl,NA
1988-07-08,PRM,mg_mgl,NA
1988-07-08,PRM,ca_mgl,NA
1988-07-08,PRM,nh4n_mgl,NA
1988-07-08,PRM,no3n_mgl,NA
1988-09-09,PRM,k_mgl,NA
1988-09-09,PRM,mg_mgl,NA
1988-09-09,PRM,ca_mgl,NA
1988-09-09,PRM,nh4n_mgl,NA
1988-09-09,PRM,no3n_mgl,NA
1988-11-11,PRM,k_mgl,NA
1988-11-11,PRM,mg_mgl,NA
1988-11-11,PRM,ca_mgl,NA
1988-11-11,PRM,nh4n_mgl,NA
1988-11-11,PRM,no3n_mgl,NA
1989-01-13,PRM,k_mgl,NA
1989-01-13,PRM,mg_mgl,NA
1989-01-13,PRM,ca_mgl,NA
1989-01-13,PRM,nh4n_mgl,NA
1989-01-13,PRM,no3n_mgl,NA
1989-03-17,PRM,k_mgl,0.77
1989-03-17,PRM,mg_mgl,1.92
1989-03-17,PRM,ca_mgl,6.15
1989-03-17,PRM,nh4n_mgl,NA
1989-03-17,PRM,no3n_mgl,69
1989-05-19,PRM,k_mgl,0.675
1989-05-19,PRM,mg_mgl,1.965
1989-05-19,PRM,ca_mgl,6.525
1989-05-19,PRM,nh4n_mgl,NA
1989-05-19,PRM,no3n_mgl,58.285714285714285
1989-07-21,PRM,k_mgl,0.6614285714285714
1989-07-21,PRM,mg_mgl,1.5783333333333334
1989-07-21,PRM,ca_mgl,6.252857142857143
1989-07-21,PRM,nh4n_mgl,NA
1989-07-21,PRM,no3n_mgl,73.71428571428571
1989-09-22,PRM,k_mgl,1.21
1989-09-22,PRM,mg_mgl,2.194
1989-09-22,PRM,ca_mgl,6.906
1989-09-22,PRM,nh4n_mgl,NA
1989-09-22,PRM,no3n_mgl,263.5
1989-11-24,PRM,k_mgl,0.9
1989-11-24,PRM,mg_mgl,2.5187500000000003
1989-11-24,PRM,ca_mgl,9.15375
1989-11-24,PRM,nh4n_mgl,NA
1989-11-24,PRM,no3n_mgl,85.85714285714286
1990-01-26,PRM,k_mgl,1.0855555555555556
1990-01-26,PRM,mg_mgl,2.048888888888889
1990-01-26,PRM,ca_mgl,8.305
1990-01-26,PRM,nh4n_mgl,NA
1990-01-26,PRM,no3n_mgl,243.88888888888889
1990-03-30,PRM,k_mgl,0.9944444444444445
1990-03-30,PRM,mg_mgl,2.207777777777778
1990-03-30,PRM,ca_mgl,9.503333333333334
1990-03-30,PRM,nh4n_mgl,NA
1990-03-30,PRM,no3n_mgl,130.11111111111111
1990-06-01,PRM,k_mgl,0.9299999999999999
1990-06-01,PRM,mg_mgl,2.0355555555555553
1990-06-01,PRM,ca_mgl,8.523333333333333
1990-06-01,PRM,nh4n_mgl,NA
1990-06-01,PRM,no3n_mgl,175.66666666666666
1990-08-03,PRM,k_mgl,0.8422222222222222
1990-08-03,PRM,mg_mgl,2.1055555555555556
1990-08-03,PRM,ca_mgl,9.421111111111111
1990-08-03,PRM,nh4n_mgl,NA
1990-08-03,PRM,no3n_mgl,128.88888888888889
1990-10-05,PRM,k_mgl,0.7633333333333333
1990-10-05,PRM,mg_mgl,1.7955555555555556
1990-10-05,PRM,ca_mgl,6.92
1990-10-05,PRM,nh4n_mgl,NA
1990-10-05,PRM,no3n_mgl,142.125
1990-12-07,PRM,k_mgl,0.6488888888888888
1990-12-07,PRM,mg_mgl,2.25
1990-12-07,PRM,ca_mgl,7.6322222222222225
1990-12-07,PRM,nh4n_mgl,NA
1990-12-07,PRM,no3n_mgl,139
1991-02-08,PRM,k_mgl,0.92125
1991-02-08,PRM,mg_mgl,1.9975
1991-02-08,PRM,ca_mgl,7.551428571428572
1991-02-08,PRM,nh4n_mgl,NA
1991-02-08,PRM,no3n_mgl,105.57142857142857
1991-04-12,PRM,k_mgl,0.77
1991-04-12,PRM,mg_mgl,0.86875
1991-04-12,PRM,ca_mgl,4.635
1991-04-12,PRM,nh4n_mgl,NA
1991-04-12,PRM,no3n_mgl,52.22222222222222
1991-06-14,PRM,k_mgl,0.77375
1991-06-14,PRM,mg_mgl,1.96875
1991-06-14,PRM,ca_mgl,6.26
1991-06-14,PRM,nh4n_mgl,NA
1991-06-14,PRM,no3n_mgl,57.125
1991-08-16,PRM,k_mgl,0.8388888888888889
1991-08-16,PRM,mg_mgl,2.4766666666666666
1991-08-16,PRM,ca_mgl,8.877777777777778
1991-08-16,PRM,nh4n_mgl,NA
1991-08-16,PRM,no3n_mgl,106
1991-10-18,PRM,k_mgl,0.655
1991-10-18,PRM,mg_mgl,1.77375
1991-10-18,PRM,ca_mgl,5.67
1991-10-18,PRM,nh4n_mgl,NA
1991-10-18,PRM,no3n_mgl,101.44444444444444
1991-12-20,PRM,k_mgl,0.8244444444444444
1991-12-20,PRM,mg_mgl,2.183333333333333
1991-12-20,PRM,ca_mgl,9.377777777777778
1991-12-20,PRM,nh4n_mgl,NA
1991-12-20,PRM,no3n_mgl,117.77777777777777
1992-02-21,PRM,k_mgl,0.9188888888888889
1992-02-21,PRM,mg_mgl,2.7511111111111113
1992-02-21,PRM,ca_mgl,9.365
1992-02-21,PRM,nh4n_mgl,NA
1992-02-21,PRM,no3n_mgl,107.375
1992-04-24,PRM,k_mgl,0.8366666666666667
1992-04-24,PRM,mg_mgl,1.7522222222222221
1992-04-24,PRM,ca_mgl,7.101111111111111
1992-04-24,PRM,nh4n_mgl,NA
1992-04-24,PRM,no3n_mgl,54.625
1992-06-26,PRM,k_mgl,0.7933333333333333
1992-06-26,PRM,mg_mgl,2.1577777777777776
1992-06-26,PRM,ca_mgl,8.5
1992-06-26,PRM,nh4n_mgl,NA
1992-06-26,PRM,no3n_mgl,43.666666666666664
1992-08-28,PRM,k_mgl,0.9
1992-08-28,PRM,mg_mgl,2.4855555555555555
1992-08-28,PRM,ca_mgl,10.154444444444444
1992-08-28,PRM,nh4n_mgl,NA
1992-08-28,PRM,no3n_mgl,46.44444444444444
1992-10-30,PRM,k_mgl,0.62
1992-10-30,PRM,mg_mgl,1.5975
1992-10-30,PRM,ca_mgl,6.53125
1992-10-30,PRM,nh4n_mgl,NA
1992-10-30,PRM,no3n_mgl,35.166666666666664
1993-01-01,PRM,k_mgl,0.7222222222222222
1993-01-01,PRM,mg_mgl,1.981111111111111
1993-01-01,PRM,ca_mgl,7.802222222222222
1993-01-01,PRM,nh4n_mgl,NA
1993-01-01,PRM,no3n_mgl,78
1993-03-05,PRM,k_mgl,0.8533333333333334
1993-03-05,PRM,mg_mgl,2.3055555555555554
1993-03-05,PRM,ca_mgl,9.028888888888888
1993-03-05,PRM,nh4n_mgl,NA
1993-03-05,PRM,no3n_mgl,80.22222222222223
1993-05-07,PRM,k_mgl,0.8077777777777778
1993-05-07,PRM,mg_mgl,2.051111111111111
1993-05-07,PRM,ca_mgl,8.234444444444444
1993-05-07,PRM,nh4n_mgl,NA
1993-05-07,PRM,no3n_mgl,55.33333333333333
1993-07-09,PRM,k_mgl,0.8075
1993-07-09,PRM,mg_mgl,1.97375
1993-07-09,PRM,ca_mgl,8.455
1993-07-09,PRM,nh4n_mgl,NA
1993-07-09,PRM,no3n_mgl,50.75
1993-09-10,PRM,k_mgl,0.6866666666666666
1993-09-10,PRM,mg_mgl,1.9444444444444444
1993-09-10,PRM,ca_mgl,7.8822222222222225
1993-09-10,PRM,nh4n_mgl,NA
1993-09-10,PRM,no3n_mgl,38.888888888888886
1993-11-12,PRM,k_mgl,0.5988888888888889
1993-11-12,PRM,mg_mgl,1.5222222222222221
1993-11-12,PRM,ca_mgl,6.6
1993-11-12,PRM,nh4n_mgl,NA
1993-11-12,PRM,no3n_mgl,33.2
1994-01-14,PRM,k_mgl,0.6366666666666667
1994-01-14,PRM,mg_mgl,1.8822222222222222
1994-01-14,PRM,ca_mgl,8
1994-01-14,PRM,nh4n_mgl,NA
1994-01-14,PRM,no3n_mgl,6.333333333333333
1994-03-18,PRM,k_mgl,0.7588888888888888
1994-03-18,PRM,mg_mgl,2.1155555555555554
1994-03-18,PRM,ca_mgl,9.256666666666666
1994-03-18,PRM,nh4n_mgl,NA
1994-03-18,PRM,no3n_mgl,18.4
1994-05-20,PRM,k_mgl,0.8277777777777777
1994-05-20,PRM,mg_mgl,2.3544444444444443
1994-05-20,PRM,ca_mgl,8.94111111111111
1994-05-20,PRM,nh4n_mgl,NA
1994-05-20,PRM,no3n_mgl,24.75
1994-07-22,PRM,k_mgl,0.8722222222222222
1994-07-22,PRM,mg_mgl,2.428888888888889
1994-07-22,PRM,ca_mgl,9.212222222222222
1994-07-22,PRM,nh4n_mgl,NA
1994-07-22,PRM,no3n_mgl,179
1994-09-23,PRM,k_mgl,0.7644444444444445
1994-09-23,PRM,mg_mgl,1.93
1994-09-23,PRM,ca_mgl,8.956666666666667
1994-09-23,PRM,nh4n_mgl,NA
1994-09-23,PRM,no3n_mgl,NA
1994-11-25,PRM,k_mgl,0.738
1994-11-25,PRM,mg_mgl,2.338
1994-11-25,PRM,ca_mgl,8.16
1994-11-25,PRM,nh4n_mgl,NA
1994-11-25,PRM,no3n_mgl,43
